{
    "5.625": {
        "Z500": {
            "ResNet": {
                "x": [
                    6,
                    24,
                    72,
                    120,
                    240
                ],
                "y": [
                    0.9987,
                    0.9955,
                    0.9536,
                    0.7972,
                    0.5323
                ]
            },
            "ResNet-continuous": {
                "x": [
                    6,
                    24,
                    72,
                    120,
                    240
                ],
                "y": [
                    0.9963,
                    0.9923,
                    0.952,
                    0.854,
                    0.05852
                ]
            },
            "ResNet-iterative": {
                "x": [
                    6,
                    24,
                    72,
                    120,
                    240
                ],
                "y": [
                    0.9981,
                    0.9891,
                    0.907,
                    0.7149,
                    -0.0149
                ]
            },
            "UNet": {
                "x": [
                    6,
                    24,
                    72,
                    120,
                    240
                ],
                "y": [
                    0.9985,
                    0.9946,
                    0.9321,
                    0.7671,
                    0.5299
                ]
            },
            "UNet-continuous": {
                "x": [
                    6,
                    24,
                    72,
                    120,
                    240
                ],
                "y": [
                    0.9946,
                    0.9892,
                    0.9326,
                    0.8153,
                    0.3033
                ]
            },
            "UNet-iterative": {
                "x": [
                    6,
                    24,
                    72,
                    120,
                    240
                ],
                "y": [
                    0.9963,
                    0.9613,
                    0.7272,
                    0.4552,
                    0.05252
                ]
            },
            "ViT": {
                "x": [
                    6,
                    24,
                    72,
                    120,
                    240
                ],
                "y": [
                    0.9979,
                    0.9917,
                    0.9315,
                    0.7262,
                    0.5498
                ]
            },
            "ViT-continuous": {
                "x": [
                    6,
                    24,
                    72,
                    120,
                    240
                ],
                "y": [
                    0.9904,
                    0.9807,
                    0.9251,
                    0.8108,
                    0.4834
                ]
            },
            "ViT-iterative": {
                "x": [
                    6,
                    24,
                    72,
                    120,
                    240
                ],
                "y": [
                    0.9951,
                    0.9574,
                    0.6666,
                    0.4077,
                    0.2059
                ]
            },
            "Weekly Climatology": {
                "x": [
                    6,
                    24,
                    72,
                    120,
                    240
                ],
                "y": [
                    0.65,
                    0.65,
                    0.65,
                    0.65,
                    0.65
                ]
            },
            "ClimaX": {
                "x": [
                    6,
                    24,
                    72,
                    120,
                    240
                ],
                "y": [
                    0.9978,
                    0.995,
                    0.9694,
                    0.8962,
                    0.6777
                ]
            },
            "FourCastNet": {
                "x": [
                    6,
                    24,
                    72,
                    120,
                    240
                ],
                "y": [
                    0.9984,
                    0.992,
                    0.9028,
                    0.6775,
                    0.5193
                ]
            },
            "IFS": {
                "x": [
                    6,
                    24,
                    72,
                    120,
                    240
                ],
                "y": [
                    1.00,
                    1.00,
                    0.99,
                    0.95,
                    0.56
                ]
            }
        },
        "T850": {
            "ResNet": {
                "x": [
                    6,
                    24,
                    72,
                    120,
                    240
                ],
                "y": [
                    0.9896,
                    0.9801,
                    0.9347,
                    0.8201,
                    0.6816
                ]
            },
            "ResNet-continuous": {
                "x": [
                    6,
                    24,
                    72,
                    120,
                    240
                ],
                "y": [
                    0.9802,
                    0.9704,
                    0.9328,
                    0.8623,
                    0.2667
                ]
            },
            "ResNet-iterative": {
                "x": [
                    6,
                    24,
                    72,
                    120,
                    240
                ],
                "y": [
                    0.9832,
                    0.9605,
                    0.8763,
                    0.749,
                    0.3429
                ]
            },
            "UNet": {
                "x": [
                    6,
                    24,
                    72,
                    120,
                    240
                ],
                "y": [
                    0.9882,
                    0.9749,
                    0.9163,
                    0.8022,
                    0.6723
                ]
            },
            "UNet-continuous": {
                "x": [
                    6,
                    24,
                    72,
                    120,
                    240
                ],
                "y": [
                    0.9775,
                    0.9644,
                    0.9171,
                    0.8362,
                    0.3828
                ]
            },
            "UNet-iterative": {
                "x": [
                    6,
                    24,
                    72,
                    120,
                    240
                ],
                "y": [
                    0.9756,
                    0.9213,
                    0.745,
                    0.5701,
                    0.1657
                ]
            },
            "ViT": {
                "x": [
                    6,
                    24,
                    72,
                    120,
                    240
                ],
                "y": [
                    0.9872,
                    0.9731,
                    0.9152,
                    0.7818,
                    0.6819
                ]
            },
            "ViT-continuous": {
                "x": [
                    6,
                    24,
                    72,
                    120,
                    240
                ],